/*
Navicat MySQL Data Transfer

Source Server         : kason
Source Server Version : 50724
Source Host           : kason.top:3307
Source Database       : weform

Target Server Type    : MYSQL
Target Server Version : 50724
File Encoding         : 65001

Date: 2018-12-27 15:40:25
*/

SET FOREIGN_KEY_CHECKS=0;

-- ----------------------------
-- Table structure for `field_detail`
-- ----------------------------
DROP TABLE IF EXISTS `field_detail`;
CREATE TABLE `field_detail` (
  `detail_id` varchar(32) NOT NULL,
  `field_id` varchar(32) NOT NULL COMMENT '字段表id',
  `master_id` varchar(32) NOT NULL COMMENT '中间表id',
  `form_data` text COMMENT '字段数据',
  PRIMARY KEY (`detail_id`),
  KEY `idx_master_id` (`master_id`)
) ENGINE=InnoDB DEFAULT CHARSET=utf8mb4 COMMENT='字段数据表';

-- ----------------------------
-- Records of field_detail
-- ----------------------------
INSERT INTO `field_detail` VALUES ('154466601309047444', '1544601352713499656', '154466601306141920', 'asduadhaiudhuiashausdhasduasdhaisudhiau');
INSERT INTO `field_detail` VALUES ('1544666013090540330', '1544601352713499656', '154466601306141920', 'asduadhaiudhuiashausdhasduasdhaisudhiau');
INSERT INTO `field_detail` VALUES ('1544666273206351043', '154460150604840793', '1544666273114102428', 'asduadhaiudhuiashausdhasduasdhaisudhiau');
INSERT INTO `field_detail` VALUES ('154466627320639280', '1544601352713499656', '1544666273114102428', 'asduadhaiudhuiashausdhasduasdhaisudhiau');
INSERT INTO `field_detail` VALUES ('154466640240415504', '1544601352713499656', '154466640228737230', 'asduadhaiudhuiashausdhasduasdhaisudhiau');
INSERT INTO `field_detail` VALUES ('1544666402404730400', '154460150604840793', '154466640228737230', 'asduadhaiudhuiashausdhasduasdhaisudhiau');
INSERT INTO `field_detail` VALUES ('1544667955230198516', '154460150604840793', '154466795518856049', 'asduadhaiudhuiashausdhasduasdhaisudhiau');
INSERT INTO `field_detail` VALUES ('15446679552306986', '1544601352713499656', '154466795518856049', 'asduadhaiudhuiashausdhasduasdhaisudhiau');
INSERT INTO `field_detail` VALUES ('1544668048863202678', '154460150604840793', '1544668048785211302', 'asduadhaiudhuiashausdhasduasdhaisudhiau');
INSERT INTO `field_detail` VALUES ('1544668048863207600', '1544601352713499656', '1544668048785211302', 'asduadhaiudhuiashausdhasduasdhaisudhiau');
INSERT INTO `field_detail` VALUES ('1544668213346238140', '154460150604840793', '1544668213267347594', 'asduadhaiudhuiashausdhasduasdhaisudhiau');
INSERT INTO `field_detail` VALUES ('1544668213346290521', '1544601352713499656', '1544668213267347594', 'asduadhaiudhuiashausdhasduasdhaisudhiau');
INSERT INTO `field_detail` VALUES ('1544669418090265860', '1544601352713499656', '1544669417702532799', '111');
INSERT INTO `field_detail` VALUES ('1545276307147116640', '1544601352713499656', '1545276307009207586', '111');
INSERT INTO `field_detail` VALUES ('1545276307147291540', '154460150604840793', '1545276307009207586', '222');
INSERT INTO `field_detail` VALUES ('15454540834744840', '154460150604840793', '1545454083185461610', 'bbbb');
INSERT INTO `field_detail` VALUES ('154545408347475451', '1544601352713499656', '1545454083185461610', 'aaaa');
INSERT INTO `field_detail` VALUES ('1545763282937443700', '1544601352713499656', '1545763282863234950', 'aaaa');
INSERT INTO `field_detail` VALUES ('154576328293765490', '154460150604840793', '1545763282863234950', 'bbbb');
INSERT INTO `field_detail` VALUES ('1545806616062119009', '1545623008864604800', '154580661597034357', 'z');
INSERT INTO `field_detail` VALUES ('1545806616062136654', '154562261383021684', '154580661597034357', 'sdfcv');
INSERT INTO `field_detail` VALUES ('154580661606215466', '154562261401021584', '154580661597034357', '男');
INSERT INTO `field_detail` VALUES ('1545806616062240285', '154562300880779768', '154580661597034357', '保密');
INSERT INTO `field_detail` VALUES ('1545806616062339288', '1545623008592308695', '154580661597034357', '25dgfb');
INSERT INTO `field_detail` VALUES ('154580661606233948', '154562300885190024', '154580661597034357', '选项1');
INSERT INTO `field_detail` VALUES ('1545806616062590604', '1545622614056250614', '154580661597034357', '拉屎');
INSERT INTO `field_detail` VALUES ('15458066160629452', '1545623008847230550', '154580661597034357', '睡觉,拉屎');
INSERT INTO `field_detail` VALUES ('1545806661503100470', '1545623008592308695', '1545806661488233553', 'we');
INSERT INTO `field_detail` VALUES ('1545806661503134312', '154562300880779768', '1545806661488233553', '保密');
INSERT INTO `field_detail` VALUES ('1545806661503244335', '1545623008864604800', '1545806661488233553', 'sdf');
INSERT INTO `field_detail` VALUES ('1545806661503256962', '1545622614056250614', '1545806661488233553', '吃饭,拉屎');
INSERT INTO `field_detail` VALUES ('1545806661503342954', '1545623008847230550', '1545806661488233553', '拉屎');
INSERT INTO `field_detail` VALUES ('1545806661503365620', '154562261401021584', '1545806661488233553', '男');
INSERT INTO `field_detail` VALUES ('154580666150343806', '154562261383021684', '1545806661488233553', 'x');
INSERT INTO `field_detail` VALUES ('154580666150383657', '154562300885190024', '1545806661488233553', '选项1');
INSERT INTO `field_detail` VALUES ('1545807251913186788', '154562261401021584', '1545807251636521730', '男');
INSERT INTO `field_detail` VALUES ('154580725191331747', '154562300880779768', '1545807251636521730', '女');
INSERT INTO `field_detail` VALUES ('1545807251913318548', '1545623008592308695', '1545807251636521730', 'xcv');
INSERT INTO `field_detail` VALUES ('1545807251913348968', '1545623008847230550', '1545807251636521730', '拉屎');
INSERT INTO `field_detail` VALUES ('154580725191343420', '1545623008864604800', '1545807251636521730', 'xc');
INSERT INTO `field_detail` VALUES ('1545807251913488277', '154562300885190024', '1545807251636521730', '选项1');
INSERT INTO `field_detail` VALUES ('1545807251913513390', '154562261383021684', '1545807251636521730', 'sdf');
INSERT INTO `field_detail` VALUES ('1545807251913687660', '1545622614056250614', '1545807251636521730', '吃饭');
INSERT INTO `field_detail` VALUES ('1545807602249219061', '154562261401021584', '154580760148566445', '男');
INSERT INTO `field_detail` VALUES ('154580760224922144', '154562300880779768', '154580760148566445', '女');
INSERT INTO `field_detail` VALUES ('154580760224930096', '1545622614056250614', '154580760148566445', '拉屎');
INSERT INTO `field_detail` VALUES ('15458076022493111', '1545623008592308695', '154580760148566445', 'ddfg');
INSERT INTO `field_detail` VALUES ('1545807602249364266', '154562261383021684', '154580760148566445', '自行车v');
INSERT INTO `field_detail` VALUES ('1545807602249543036', '1545623008847230550', '154580760148566445', '吃饭,睡觉');
INSERT INTO `field_detail` VALUES ('154580760224969222', '1545623008864604800', '154580760148566445', 'sdf');
INSERT INTO `field_detail` VALUES ('154580760225038482', '154562300885190024', '154580760148566445', '选项2');
INSERT INTO `field_detail` VALUES ('1545819734642107486', '1545623008592308695', '154581973425542900', '草泥马');
INSERT INTO `field_detail` VALUES ('1545819734642118200', '1545623008864604800', '154581973425542900', '现场v');
INSERT INTO `field_detail` VALUES ('154581973464224140', '154562300885190024', '154581973425542900', '选项1');
INSERT INTO `field_detail` VALUES ('154581973464230876', '1545622614056250614', '154581973425542900', '拉屎');
INSERT INTO `field_detail` VALUES ('1545819734642312312', '154562261401021584', '154581973425542900', '男');
INSERT INTO `field_detail` VALUES ('1545819734642538650', '154562261383021684', '154581973425542900', '啊啊啊啊啊');
INSERT INTO `field_detail` VALUES ('1545819734642857556', '154562300880779768', '154581973425542900', '女');
INSERT INTO `field_detail` VALUES ('154581973464289964', '1545623008847230550', '154581973425542900', '拉屎');
INSERT INTO `field_detail` VALUES ('1545832901241145971', '1545832841000181115', '1545832901207262752', '嘉燊');
INSERT INTO `field_detail` VALUES ('1545832901241190491', '1545832840986430848', '1545832901207262752', '男');
INSERT INTO `field_detail` VALUES ('1545832901241479385', '1545832840987231594', '1545832901207262752', '打球,踢球,演戏,打机');
INSERT INTO `field_detail` VALUES ('154583312710412200', '1545832840987231594', '1545833127101327055', '打球,踢球,演戏,打机,唱歌,跳舞,打代码');
INSERT INTO `field_detail` VALUES ('154583312710454810', '1545832841000181115', '1545833127101327055', 'jason');
INSERT INTO `field_detail` VALUES ('1545833127104761453', '1545832840986430848', '1545833127101327055', '男');
INSERT INTO `field_detail` VALUES ('1545841993974581790', '1545841733138412581', '154584199394071496', 'zxca');
INSERT INTO `field_detail` VALUES ('154584199397483271', '154584174613863036', '154584199394071496', 'as');
INSERT INTO `field_detail` VALUES ('154584199397489972', '1545841746605472621', '154584199394071496', 'asd');
INSERT INTO `field_detail` VALUES ('1545878743639114954', '1545832840986430848', '1545878743560308574', '女');
INSERT INTO `field_detail` VALUES ('1545878743639125904', '1545832841000181115', '1545878743560308574', '小鸡鸡成');
INSERT INTO `field_detail` VALUES ('1545878743639290840', '1545832840987231594', '1545878743560308574', '唱歌,跳舞,演戏,打机');
INSERT INTO `field_detail` VALUES ('1545881444575265185', '1545832841000181115', '1545881444283767970', '呵呵');
INSERT INTO `field_detail` VALUES ('1545881444576349470', '1545832840987231594', '1545881444283767970', '打球');
INSERT INTO `field_detail` VALUES ('1545881444576878244', '1545832840986430848', '1545881444283767970', '男');
INSERT INTO `field_detail` VALUES ('154588163592124080', '1545832840987231594', '1545881635916143572', '跳舞');
INSERT INTO `field_detail` VALUES ('1545881635921566666', '1545832840986430848', '1545881635916143572', '女');
INSERT INTO `field_detail` VALUES ('1545881635921723975', '1545832841000181115', '1545881635916143572', 'sdc');
INSERT INTO `field_detail` VALUES ('1545881693420406296', '1545832841000181115', '1545881693416622752', 's');
INSERT INTO `field_detail` VALUES ('1545881693420573561', '1545832840986430848', '1545881693416622752', '男');
INSERT INTO `field_detail` VALUES ('1545881693420705870', '1545832840987231594', '1545881693416622752', '打机');
INSERT INTO `field_detail` VALUES ('1545881757948714', '1545832841000181115', '1545881757941109704', 's');
INSERT INTO `field_detail` VALUES ('1545881757949114943', '1545832840986430848', '1545881757941109704', '男');
INSERT INTO `field_detail` VALUES ('1545881757949117000', '1545832840987231594', '1545881757941109704', '演戏');
INSERT INTO `field_detail` VALUES ('1545881804263201131', '1545832840986430848', '1545881804256225544', '男');
INSERT INTO `field_detail` VALUES ('1545881804263376830', '1545832840987231594', '1545881804256225544', '演戏');
INSERT INTO `field_detail` VALUES ('1545881804263519432', '1545832841000181115', '1545881804256225544', 'd');
INSERT INTO `field_detail` VALUES ('1545881849495124620', '1545832841000181115', '1545881849485268822', 'rt');
INSERT INTO `field_detail` VALUES ('1545881849495217386', '1545832840987231594', '1545881849485268822', '演戏');
INSERT INTO `field_detail` VALUES ('154588184949526826', '1545832840986430848', '1545881849485268822', '男');
INSERT INTO `field_detail` VALUES ('1545881894822184688', '1545832840986430848', '154588189481496192', '男');
INSERT INTO `field_detail` VALUES ('1545881894822205884', '1545832841000181115', '154588189481496192', 'rgd');
INSERT INTO `field_detail` VALUES ('1545881894822414895', '1545832840987231594', '154588189481496192', '打代码');
INSERT INTO `field_detail` VALUES ('1545881929226332028', '1545832840986430848', '154588192921032016', '男');
INSERT INTO `field_detail` VALUES ('1545881929226551343', '1545832841000181115', '154588192921032016', 'rg');
INSERT INTO `field_detail` VALUES ('154588192922656166', '1545832840987231594', '154588192921032016', '跳舞');
INSERT INTO `field_detail` VALUES ('1545881964641262484', '1545832840986430848', '1545881964636213640', '男');
INSERT INTO `field_detail` VALUES ('1545881964641324120', '1545832841000181115', '1545881964636213640', 'kuyjythr');
INSERT INTO `field_detail` VALUES ('15458819646414949', '1545832840987231594', '1545881964636213640', '踢球');
INSERT INTO `field_detail` VALUES ('154588678296660588', '1545832840986430848', '1545886782883150543', '男');
INSERT INTO `field_detail` VALUES ('154588678296683212', '1545832841000181115', '1545886782883150543', 's');
INSERT INTO `field_detail` VALUES ('154588678296687965', '1545832840987231594', '1545886782883150543', '演戏');

-- ----------------------------
-- Table structure for `field_master`
-- ----------------------------
DROP TABLE IF EXISTS `field_master`;
CREATE TABLE `field_master` (
  `master_id` varchar(32) NOT NULL,
  `form_id` varchar(32) NOT NULL,
  `detail_status` tinyint(3) DEFAULT '0' COMMENT '-1已删除,0未标记,1已标记',
  `create_time` timestamp NOT NULL DEFAULT CURRENT_TIMESTAMP COMMENT '创建时间',
  PRIMARY KEY (`master_id`),
  KEY `idx_form_id` (`form_id`)
) ENGINE=InnoDB DEFAULT CHARSET=utf8mb4 COMMENT='字段与数据中间表';

-- ----------------------------
-- Records of field_master
-- ----------------------------
INSERT INTO `field_master` VALUES ('154466601306141920', '5454', '0', '2018-12-13 01:53:33');
INSERT INTO `field_master` VALUES ('1544666273114102428', '5454', '0', '2018-12-13 01:57:53');
INSERT INTO `field_master` VALUES ('154466640228737230', '5454', '0', '2018-12-13 02:00:02');
INSERT INTO `field_master` VALUES ('154466795518856049', '5454', '0', '2018-12-13 02:25:55');
INSERT INTO `field_master` VALUES ('1544668048785211302', '5454', '0', '2018-12-13 02:27:28');
INSERT INTO `field_master` VALUES ('1544668213267347594', '5454', '0', '2018-12-13 02:30:13');
INSERT INTO `field_master` VALUES ('1544669417702532799', '5454', '0', '2018-12-13 02:50:18');
INSERT INTO `field_master` VALUES ('1545276307009207586', '5454', '0', '2018-12-20 03:25:07');
INSERT INTO `field_master` VALUES ('1545454083185461610', '5454', '0', '2018-12-22 04:48:03');
INSERT INTO `field_master` VALUES ('1545763282863234950', '5454', '0', '2018-12-25 18:41:23');
INSERT INTO `field_master` VALUES ('154580661597034357', '1545622564668153468', '0', '2018-12-26 06:43:36');
INSERT INTO `field_master` VALUES ('1545806661488233553', '1545622564668153468', '0', '2018-12-26 06:44:21');
INSERT INTO `field_master` VALUES ('1545807251636521730', '1545622564668153468', '0', '2018-12-26 06:54:12');
INSERT INTO `field_master` VALUES ('154580760148566445', '1545622564668153468', '0', '2018-12-26 07:00:03');
INSERT INTO `field_master` VALUES ('154581973425542900', '1545622564668153468', '0', '2018-12-26 10:22:14');
INSERT INTO `field_master` VALUES ('1545832901207262752', '1545832776225362972', '0', '2018-12-26 14:01:41');
INSERT INTO `field_master` VALUES ('1545833127101327055', '1545832776225362972', '0', '2018-12-26 14:05:27');
INSERT INTO `field_master` VALUES ('154584199394071496', '1545579957853823424', '0', '2018-12-26 16:33:14');
INSERT INTO `field_master` VALUES ('1545878743560308574', '1545832776225362972', '0', '2018-12-27 02:45:43');
INSERT INTO `field_master` VALUES ('1545881444283767970', '1545832776225362972', '0', '2018-12-27 03:30:44');
INSERT INTO `field_master` VALUES ('1545881635916143572', '1545832776225362972', '0', '2018-12-27 03:33:55');
INSERT INTO `field_master` VALUES ('1545881693416622752', '1545832776225362972', '0', '2018-12-27 03:34:53');
INSERT INTO `field_master` VALUES ('1545881757941109704', '1545832776225362972', '0', '2018-12-27 03:35:57');
INSERT INTO `field_master` VALUES ('1545881804256225544', '1545832776225362972', '0', '2018-12-27 03:36:44');
INSERT INTO `field_master` VALUES ('1545881849485268822', '1545832776225362972', '0', '2018-12-27 03:37:29');
INSERT INTO `field_master` VALUES ('154588189481496192', '1545832776225362972', '0', '2018-12-27 03:38:14');
INSERT INTO `field_master` VALUES ('154588192921032016', '1545832776225362972', '0', '2018-12-27 03:38:49');
INSERT INTO `field_master` VALUES ('1545881964636213640', '1545832776225362972', '0', '2018-12-27 03:39:24');
INSERT INTO `field_master` VALUES ('1545886782883150543', '1545832776225362972', '0', '2018-12-27 04:59:43');

-- ----------------------------
-- Table structure for `form_field`
-- ----------------------------
DROP TABLE IF EXISTS `form_field`;
CREATE TABLE `form_field` (
  `field_id` varchar(32) NOT NULL,
  `form_id` varchar(32) NOT NULL COMMENT '表单id',
  `field_type` varchar(16) NOT NULL COMMENT '字段类型',
  `field_class` varchar(16) NOT NULL COMMENT '字段类名',
  `field_name` varchar(16) NOT NULL COMMENT '字段名字',
  `field_attr` varchar(128) NOT NULL COMMENT '字段属性',
  `field_title` varchar(16) NOT NULL,
  `field_grade` tinyint(3) NOT NULL DEFAULT '0' COMMENT '排序等级 0为第一',
  `field_status` tinyint(3) NOT NULL DEFAULT '0' COMMENT '状态,0使用,1删除',
  `field_not_null` tinyint(3) NOT NULL DEFAULT '0' COMMENT '0为可空，1为必填',
  `create_time` timestamp NOT NULL DEFAULT CURRENT_TIMESTAMP COMMENT '创建时间',
  `update_time` timestamp NOT NULL DEFAULT CURRENT_TIMESTAMP ON UPDATE CURRENT_TIMESTAMP COMMENT '更新时间',
  PRIMARY KEY (`field_id`),
  KEY `idx_form_id` (`form_id`)
) ENGINE=InnoDB DEFAULT CHARSET=utf8mb4 COMMENT='字段表';

-- ----------------------------
-- Records of form_field
-- ----------------------------
INSERT INTO `form_field` VALUES ('1544601352713499656', '123', 'a', 'input3333', 'password', 'src=\"http:xxxx.jpg\"', '', '0', '0', '0', '2018-12-13 03:00:58', '2018-12-13 03:00:58');
INSERT INTO `form_field` VALUES ('154460150604840793', '123', 'input', 'input11111', 'password', 'src=\"http:xxxx.jpg\"', '', '0', '1', '0', '2018-12-12 07:58:25', '2018-12-12 08:02:14');
INSERT INTO `form_field` VALUES ('1544601509493196128', '123', 'input', 'input3333', 'password', 'src=\"http:xxxx.jpg\"', '', '2', '0', '0', '2018-12-12 07:58:29', '2018-12-13 03:27:58');
INSERT INTO `form_field` VALUES ('1544612555028668564', '123', 'input', 'input3333', 'password', 'src=\"http:xxxx.jpg\"', '', '0', '0', '0', '2018-12-12 11:02:34', '2018-12-13 03:30:24');
INSERT INTO `form_field` VALUES ('154558031845760873', '1544546165143172272', 'input', 'c1', 'password', 'src=\'http://xxxxx.jpg\'', '请输入人密码', '1', '0', '0', '2018-12-23 15:51:58', '2018-12-23 15:51:58');
INSERT INTO `form_field` VALUES ('1545580997787187005', '1545577652083154663', 'input', 'c1', 'password', 'src=\'http://xxxxx.jpg\'', '请输入人密码', '1', '0', '0', '2018-12-23 16:03:17', '2018-12-23 16:03:17');
INSERT INTO `form_field` VALUES ('154558103946638106', '154558070309993696', 'normal', 'class', 'name', '请修改提示', '标题', '1', '0', '0', '2018-12-23 16:03:59', '2018-12-23 16:03:59');
INSERT INTO `form_field` VALUES ('1545612380775218240', '1545612370350138528', 'normal', 'class', 'name', '请修改提示', '标题', '1', '0', '0', '2018-12-24 00:46:20', '2018-12-24 00:46:20');
INSERT INTO `form_field` VALUES ('154561238091060896', '1545612370350138528', 'single', 'class', '1545612374318', '选项1,选项2,选项3', '标题', '1', '0', '0', '2018-12-24 00:46:20', '2018-12-24 00:46:20');
INSERT INTO `form_field` VALUES ('154561238093983204', '1545612370350138528', 'multi', 'class', '1545612375726', '选项1,选项2,选项3', '标题', '1', '0', '0', '2018-12-24 00:46:20', '2018-12-24 00:46:20');
INSERT INTO `form_field` VALUES ('1545612510252115275', '154561248365842952', 'normal', 'class', 'name', '请修改提示', '标题', '1', '0', '0', '2018-12-24 00:48:30', '2018-12-24 00:48:30');
INSERT INTO `form_field` VALUES ('1545612510483208236', '154561248365842952', 'single', 'class', '1545612506103', '\'选项1,选项2,选项3\'', '标题', '1', '0', '0', '2018-12-24 00:48:30', '2018-12-24 00:48:30');
INSERT INTO `form_field` VALUES ('154561251053986080', '154561248365842952', 'multi', 'class', '1545612507280', '\'选项1,选项2,选项3\'', '标题', '1', '0', '0', '2018-12-24 00:48:30', '2018-12-24 00:48:30');
INSERT INTO `form_field` VALUES ('154561280477587912', '154561248365842952', 'single', 'class', '1545612801691', '选项1,选项2,选项3', '标题', '1', '0', '0', '2018-12-24 00:53:24', '2018-12-24 00:53:24');
INSERT INTO `form_field` VALUES ('1545612804795277020', '154561248365842952', 'multi', 'class', '1545612802747', '选项1,选项2,选项3', '标题', '1', '0', '0', '2018-12-24 00:53:24', '2018-12-24 00:53:24');
INSERT INTO `form_field` VALUES ('154561280480755014', '154561248365842952', 'normal', 'class', 'name', '请修改提示', '标题', '1', '0', '0', '2018-12-24 00:53:24', '2018-12-24 00:53:24');
INSERT INTO `form_field` VALUES ('1545613640161205114', '1545613622744489879', 'normal', 'class', 'name', '请修改提示', '标题', '1', '0', '0', '2018-12-24 01:07:20', '2018-12-24 01:07:20');
INSERT INTO `form_field` VALUES ('1545613640382215644', '1545613622744489879', 'single', 'class', '1545613626047', '选项1,选项2,选项3', '标题', '1', '0', '0', '2018-12-24 01:07:20', '2018-12-24 01:07:20');
INSERT INTO `form_field` VALUES ('1545613640402277123', '1545613622744489879', 'multi', 'class', '1545613628264', '选项1,选项2,选项3', '标题', '1', '0', '0', '2018-12-24 01:07:20', '2018-12-24 01:07:20');
INSERT INTO `form_field` VALUES ('1545613698833112365', '1545613622744489879', 'normal', 'class', 'name', '请修改提示', '标题', '1', '0', '0', '2018-12-24 01:08:18', '2018-12-24 01:08:18');
INSERT INTO `form_field` VALUES ('1545613699092243320', '1545613622744489879', 'single', 'class', '1545613694458', '选项1,选项2,选项3', '标题', '1', '0', '0', '2018-12-24 01:08:19', '2018-12-24 01:08:19');
INSERT INTO `form_field` VALUES ('1545613699107317300', '1545613622744489879', 'multi', 'class', '1545613696395', '选项1,选项2,选项3', '标题', '1', '0', '0', '2018-12-24 01:08:19', '2018-12-24 01:08:19');
INSERT INTO `form_field` VALUES ('1545613780343115634', '154561376128242292', 'normal', 'class', 'name', '请修改提示', '标题', '1', '0', '0', '2018-12-24 01:09:40', '2018-12-24 01:09:40');
INSERT INTO `form_field` VALUES ('1545613780603410386', '154561376128242292', 'single', 'class', '1545613764977', '选项1,选项2,选项3', '标题', '1', '0', '0', '2018-12-24 01:09:40', '2018-12-24 01:09:40');
INSERT INTO `form_field` VALUES ('1545613780630157875', '154561376128242292', 'multi', 'class', '1545613766002', '选项1,选项2,选项3', '标题', '1', '0', '0', '2018-12-24 01:09:40', '2018-12-24 01:09:40');
INSERT INTO `form_field` VALUES ('15456137896943982', '154561376128242292', 'multi', 'class', '1545613766002', '选项1,选项2,选项3', '标题', '1', '0', '0', '2018-12-24 01:09:49', '2018-12-24 01:09:49');
INSERT INTO `form_field` VALUES ('154561378969534998', '154561376128242292', 'single', 'class', '1545613764977', '选项1,选项2,选项3', '标题', '1', '0', '0', '2018-12-24 01:09:49', '2018-12-24 01:09:49');
INSERT INTO `form_field` VALUES ('15456137897113216', '154561376128242292', 'normal', 'class', 'name', '请修改提示', '标题', '1', '0', '0', '2018-12-24 01:09:49', '2018-12-24 01:09:49');
INSERT INTO `form_field` VALUES ('1545614869934176970', '154561486293466480', 'normal', 'class', 'name', '请修改提示', '标题', '1', '0', '0', '2018-12-24 01:27:49', '2018-12-24 01:27:49');
INSERT INTO `form_field` VALUES ('1545614870173360499', '154561486293466480', 'single', 'class', '1545614866554', '选项1,选项2,选项3', '标题', '1', '0', '0', '2018-12-24 01:27:50', '2018-12-24 01:27:50');
INSERT INTO `form_field` VALUES ('1545614870177462000', '154561486293466480', 'multi', 'class', '1545614867857', '选项1,选项2,选项3', '标题', '1', '0', '0', '2018-12-24 01:27:50', '2018-12-24 01:27:50');
INSERT INTO `form_field` VALUES ('154561830989751961', '1545618266698228000', 'normal', 'class', 'name', '请输入姓名', '姓名', '1', '0', '0', '2018-12-24 02:25:09', '2018-12-24 02:25:09');
INSERT INTO `form_field` VALUES ('154561831004772954', '1545618266698228000', 'single', 'class', '1545618277429', '男,女,保密', '性别', '1', '0', '0', '2018-12-24 02:25:10', '2018-12-24 02:25:10');
INSERT INTO `form_field` VALUES ('15456183100661167', '1545618266698228000', 'multi', 'class', '1545618293757', '选项1,选项2,选项3', '标题', '1', '0', '0', '2018-12-24 02:25:10', '2018-12-24 02:25:10');
INSERT INTO `form_field` VALUES ('1545618310067425088', '1545618266698228000', 'multi', 'class', '1545618287469', '啊,哦,额', '啊', '1', '0', '0', '2018-12-24 02:25:10', '2018-12-24 02:25:10');
INSERT INTO `form_field` VALUES ('154562261383021684', '1545622564668153468', 'normal', 'class', 'name', '请输入姓名', '姓名', '0', '-1', '0', '2018-12-24 03:36:53', '2018-12-27 05:32:21');
INSERT INTO `form_field` VALUES ('154562261401021584', '1545622564668153468', 'single', 'class', '1545622588582', '男,女,保密', '性别', '1', '-1', '0', '2018-12-24 03:36:54', '2018-12-27 05:32:21');
INSERT INTO `form_field` VALUES ('1545622614056250614', '1545622564668153468', 'multi', 'class', '1545622597932', '吃饭,睡觉,拉屎', '爱好', '2', '-1', '0', '2018-12-24 03:36:54', '2018-12-27 05:32:21');
INSERT INTO `form_field` VALUES ('1545623008592308695', '1545622564668153468', 'normal', 'class', 'name', '请输入姓名', '姓名', '0', '-1', '0', '2018-12-24 03:43:28', '2018-12-27 05:32:21');
INSERT INTO `form_field` VALUES ('154562300880779768', '1545622564668153468', 'single', 'class', '1545622588582', '男,女,保密', '性别', '1', '-1', '0', '2018-12-24 03:43:28', '2018-12-27 05:32:21');
INSERT INTO `form_field` VALUES ('1545623008847230550', '1545622564668153468', 'multi', 'class', '1545622597932', '吃饭,睡觉,拉屎', '爱好', '2', '-1', '0', '2018-12-24 03:43:28', '2018-12-27 05:32:21');
INSERT INTO `form_field` VALUES ('154562300885190024', '1545622564668153468', 'single', 'class', '1545623006714', '选项1,选项2,选项3', '标题', '4', '-1', '0', '2018-12-24 03:43:28', '2018-12-27 05:32:21');
INSERT INTO `form_field` VALUES ('1545623008864604800', '1545622564668153468', 'normal', 'class', 'name', '请修改提示', '标题', '3', '-1', '0', '2018-12-24 03:43:28', '2018-12-27 05:32:21');
INSERT INTO `form_field` VALUES ('1545832840986430848', '1545832776225362972', 'single', 'class', '1545832789826', '男,女,保密', '性别', '1', '0', '0', '2018-12-26 14:00:41', '2018-12-26 14:00:41');
INSERT INTO `form_field` VALUES ('1545832840987231594', '1545832776225362972', 'multi', 'class', '1545832798586', '打球,踢球,唱歌,跳舞,演戏,打机,打代码', '技能', '2', '0', '0', '2018-12-26 14:00:41', '2018-12-26 14:00:41');
INSERT INTO `form_field` VALUES ('1545832841000181115', '1545832776225362972', 'normal', 'class', 'name', '请输入姓名', '姓名', '0', '0', '0', '2018-12-26 14:00:41', '2018-12-26 14:00:41');
INSERT INTO `form_field` VALUES ('1545841733138412581', '1545579957853823424', 'normal', 'class', 'name', '请修改提示', '标题', '0', '-1', '0', '2018-12-26 16:28:53', '2018-12-27 03:36:26');
INSERT INTO `form_field` VALUES ('154584174613863036', '1545579957853823424', 'normal', 'class', 'name', '请修改提示', '标题', '0', '-1', '0', '2018-12-26 16:29:06', '2018-12-27 03:36:26');
INSERT INTO `form_field` VALUES ('1545841746605472621', '1545579957853823424', 'normal', 'class', 'name', '请修改提示', '标题', '1', '-1', '0', '2018-12-26 16:29:06', '2018-12-27 03:36:26');
INSERT INTO `form_field` VALUES ('1545886736941473632', '1545571145172627750', 'normal', 'class', 'name', '请修改提示', '标题', '0', '0', '0', '2018-12-27 04:58:57', '2018-12-27 04:58:57');
INSERT INTO `form_field` VALUES ('1545886931670144597', '1545832776225362972', 'single', 'class', '1545832789826', '男,女', '性别', '0', '0', '0', '2018-12-27 05:02:11', '2018-12-27 05:02:11');

-- ----------------------------
-- Table structure for `form_master`
-- ----------------------------
DROP TABLE IF EXISTS `form_master`;
CREATE TABLE `form_master` (
  `form_id` varchar(32) NOT NULL,
  `form_name` varchar(32) NOT NULL COMMENT '表单名字',
  `openid` varchar(64) NOT NULL COMMENT '用户openid',
  `form_status` tinyint(3) DEFAULT '0' COMMENT '状态,-1已删除,0未开始,1收集中,2已停止',
  `create_time` timestamp NOT NULL DEFAULT CURRENT_TIMESTAMP COMMENT '创建时间',
  `update_time` timestamp NOT NULL DEFAULT CURRENT_TIMESTAMP ON UPDATE CURRENT_TIMESTAMP COMMENT '更新时间',
  PRIMARY KEY (`form_id`),
  KEY `idx_openid` (`openid`)
) ENGINE=InnoDB DEFAULT CHARSET=utf8mb4 COMMENT='表单主表';

-- ----------------------------
-- Records of form_master
-- ----------------------------
INSERT INTO `form_master` VALUES ('123', '表单2222', '56556545', '-1', '2018-12-11 17:04:44', '2018-12-11 17:19:31');
INSERT INTO `form_master` VALUES ('1544546165143172272', '表单1', '555', '0', '2018-12-11 16:36:04', '2018-12-11 16:36:04');
INSERT INTO `form_master` VALUES ('154527395238789496', '??1', '555', '0', '2018-12-20 02:45:52', '2018-12-20 02:45:52');
INSERT INTO `form_master` VALUES ('154527421547520298', 'jasondemo', 'o5xQN5D1ee9sej8Twt51HVQhkImU', '-1', '2018-12-24 12:22:57', '2018-12-25 04:48:54');
INSERT INTO `form_master` VALUES ('154557053064717589', 'newForm', 'o5xQN5D1ee9sej8Twt51HVQhkImU', '-1', '2018-12-23 13:08:50', '2018-12-25 04:49:02');
INSERT INTO `form_master` VALUES ('1545570592830447440', 'newForm', 'o5xQN5D1ee9sej8Twt51HVQhkImU', '-1', '2018-12-23 13:09:52', '2018-12-25 04:49:07');
INSERT INTO `form_master` VALUES ('1545570676794152092', 'newForm', 'o5xQN5D1ee9sej8Twt51HVQhkImU', '-1', '2018-12-23 13:11:16', '2018-12-25 04:49:11');
INSERT INTO `form_master` VALUES ('1545571089869263384', 'newForm', 'o5xQN5D1ee9sej8Twt51HVQhkImU', '-1', '2018-12-23 13:18:09', '2018-12-25 04:49:17');
INSERT INTO `form_master` VALUES ('1545571136496197600', 'newFormByJason', 'o5xQN5D1ee9sej8Twt51HVQhkImU', '0', '2018-12-25 03:11:37', '2018-12-25 04:49:24');
INSERT INTO `form_master` VALUES ('1545571145172627750', '哈哈哈', 'o5xQN5D1ee9sej8Twt51HVQhkImU', '0', '2018-12-27 04:59:02', '2018-12-27 04:59:02');
INSERT INTO `form_master` VALUES ('1545573321568321530', '黎家成沙雕test', 'o5xQN5D1ee9sej8Twt51HVQhkImU', '1', '2018-12-24 00:57:03', '2018-12-25 04:49:30');
INSERT INTO `form_master` VALUES ('1545574501483108445', 'shadiao', 'o5xQN5D1ee9sej8Twt51HVQhkImU', '1', '2018-12-25 03:10:32', '2018-12-25 04:49:32');
INSERT INTO `form_master` VALUES ('1545575952979454276', '啊', 'o5xQN5D1ee9sej8Twt51HVQhkImU', '0', '2018-12-23 14:39:12', '2018-12-25 04:49:33');
INSERT INTO `form_master` VALUES ('1545575971405340505', '啊啊', 'o5xQN5D1ee9sej8Twt51HVQhkImU', '0', '2018-12-23 14:39:31', '2018-12-25 04:49:35');
INSERT INTO `form_master` VALUES ('1545576078080625824', '噢噢噢', 'o5xQN5D1ee9sej8Twt51HVQhkImU', '0', '2018-12-23 14:41:18', '2018-12-25 04:49:36');
INSERT INTO `form_master` VALUES ('1545577652083154663', 'sdf', 'o5xQN5D1ee9sej8Twt51HVQhkImU', '-1', '2018-12-23 15:07:32', '2018-12-25 04:49:37');
INSERT INTO `form_master` VALUES ('1545579957853823424', '杰哥傻逼', 'o5xQN5D1ee9sej8Twt51HVQhkImU', '1', '2018-12-26 16:33:02', '2018-12-26 16:33:02');
INSERT INTO `form_master` VALUES ('1545580505132495410', '炜哥智障', 'o5xQN5D1ee9sej8Twt51HVQhkImU', '0', '2018-12-23 15:55:05', '2018-12-25 04:49:39');
INSERT INTO `form_master` VALUES ('154558070309993696', '啊啊啊', 'o5xQN5D1ee9sej8Twt51HVQhkImU', '0', '2018-12-23 15:58:23', '2018-12-25 04:49:40');
INSERT INTO `form_master` VALUES ('1545612370350138528', 'testtostring', 'o5xQN5D1ee9sej8Twt51HVQhkImU', '0', '2018-12-24 00:46:10', '2018-12-25 04:49:42');
INSERT INTO `form_master` VALUES ('154561248365842952', 'test\'', 'o5xQN5D1ee9sej8Twt51HVQhkImU', '0', '2018-12-24 00:48:03', '2018-12-25 17:52:10');
INSERT INTO `form_master` VALUES ('1545613622744489879', 'testopenid', 'o5xQN5D1ee9sej8Twt51HVQhkImU', '0', '2018-12-24 01:07:02', '2018-12-25 17:52:12');
INSERT INTO `form_master` VALUES ('154561376128242292', 'aaao', 'o5xQN5D1ee9sej8Twt51HVQhkImU', '0', '2018-12-24 01:09:21', '2018-12-25 17:52:14');
INSERT INTO `form_master` VALUES ('154561432438848921', 'testupdate', 'o5xQN5D1ee9sej8Twt51HVQhkImU', '0', '2018-12-24 01:18:44', '2018-12-25 17:52:15');
INSERT INTO `form_master` VALUES ('154561486293466480', 'testfiellist', 'o5xQN5D1ee9sej8Twt51HVQhkImU', '0', '2018-12-24 01:27:42', '2018-12-25 17:52:16');
INSERT INTO `form_master` VALUES ('1545618266698228000', '测试修改表单', 'o5xQN5D1ee9sej8Twt51HVQhkImU', '0', '2018-12-24 02:24:26', '2018-12-25 17:52:21');
INSERT INTO `form_master` VALUES ('1545622564668153468', '优先级test', 'o5xQN5D1ee9sej8Twt51HVQhkImU', '1', '2018-12-26 06:43:10', '2018-12-26 06:43:10');
INSERT INTO `form_master` VALUES ('154572815504523807', '表单3', '555', '0', '2018-12-25 08:55:55', '2018-12-25 08:55:55');
INSERT INTO `form_master` VALUES ('1545728247659209802', '对对对', 'o5xQN5D1ee9sej8Twt51HVQhkImU', '0', '2018-12-25 08:57:27', '2018-12-25 08:57:27');
INSERT INTO `form_master` VALUES ('154573613917715345', 'qq', 'o5xQN5D1ee9sej8Twt51HVQhkImU', '0', '2018-12-25 11:08:59', '2018-12-25 11:08:59');
INSERT INTO `form_master` VALUES ('1545760413484168432', '啊啊啊啊啊啊', 'o5xQN5D1ee9sej8Twt51HVQhkImU', '1', '2018-12-25 17:53:45', '2018-12-25 17:53:45');
INSERT INTO `form_master` VALUES ('1545832302550414700', '第一次走流程', 'o5xQN5D1ee9sej8Twt51HVQhkImU', '1', '2018-12-26 13:53:43', '2018-12-26 13:53:43');
INSERT INTO `form_master` VALUES ('1545832490517212160', '士大夫手动', 'o5xQN5D1ee9sej8Twt51HVQhkImU', '0', '2018-12-26 13:54:50', '2018-12-26 13:54:50');
INSERT INTO `form_master` VALUES ('154583254443626442', '自行车v这些', 'o5xQN5D1ee9sej8Twt51HVQhkImU', '0', '2018-12-26 13:55:44', '2018-12-26 13:55:44');
INSERT INTO `form_master` VALUES ('1545832632100191835', '555', 'o5xQN5D1ee9sej8Twt51HVQhkImU', '0', '2018-12-26 13:57:12', '2018-12-26 13:57:12');
INSERT INTO `form_master` VALUES ('1545832776225362972', '吧', 'o5xQN5D1ee9sej8Twt51HVQhkImU', '1', '2018-12-26 14:00:51', '2018-12-26 14:00:51');
INSERT INTO `form_master` VALUES ('2342', '表单1', '56556545', '-1', '2018-12-11 08:53:08', '2018-12-11 09:53:09');
INSERT INTO `form_master` VALUES ('444', '444', '44', '0', '2018-12-11 08:38:43', '2018-12-11 08:38:43');
INSERT INTO `form_master` VALUES ('5454', '表单1', '56556545', '1', '2018-12-11 08:44:21', '2018-12-20 03:15:35');
